question;question_link;answer;vote_count
Q: Airflow not loading dags in /usr/local/airflow/dags;https://stackoverflow.com//questions/45534535/airflow-not-loading-dags-in-usr-local-airflow-dags?r=SearchResults&s=1|74.8653;10answers;23
Q: Apache airflow: No module name 'airflow' [closed];https://stackoverflow.com//questions/57639360/apache-airflow-no-module-name-airflow?r=SearchResults&s=2|72.4372;2answers;5
Q: Difference between “airflow run” and “airflow test” in Airflow;https://stackoverflow.com//questions/51681325/difference-between-airflow-run-and-airflow-test-in-airflow?r=SearchResults&s=3|71.8395;3answers;9
Q: How do I restart airflow webserver?;https://stackoverflow.com//questions/39073443/how-do-i-restart-airflow-webserver?r=SearchResults&s=4|71.1277;9answers;37
Q: How to install airflow?;https://stackoverflow.com//questions/37048856/how-to-install-airflow?r=SearchResults&s=5|70.1710;12answers;21
Q: Airflow: how to delete a DAG?;https://stackoverflow.com//questions/40651783/airflow-how-to-delete-a-dag?r=SearchResults&s=6|70.1182;16answers;72
Q: Airflow s3 connection using UI;https://stackoverflow.com//questions/39997714/airflow-s3-connection-using-ui?r=SearchResults&s=7|69.7829;8answers;46
Q: Airflow with systemd: `airflow.pid` vs `airflow-monitor.pid`;https://stackoverflow.com//questions/45868397/airflow-with-systemd-airflow-pid-vs-airflow-monitor-pid?r=SearchResults&s=8|69.2782;1answer;1
Q: How to run Airflow on Windows;https://stackoverflow.com//questions/32378494/how-to-run-airflow-on-windows?r=SearchResults&s=9|68.7654;6answers;33
Q: Airflow backfill clarification;https://stackoverflow.com//questions/39882204/airflow-backfill-clarification?r=SearchResults&s=10|68.2460;3answers;35
Q: Apache-Airflow fernet_key problems with airflow test;https://stackoverflow.com//questions/61102885/apache-airflow-fernet-key-problems-with-airflow-test?r=SearchResults&s=11|68.0337;0answers;1
Q: airflow + why airflow return unclear erros;https://stackoverflow.com//questions/58793085/airflow-why-airflow-return-unclear-erros?r=SearchResults&s=12|67.8414;2answers;-1
Q: Remove Airflow Scheduler logs;https://stackoverflow.com//questions/49783850/remove-airflow-scheduler-logs?r=SearchResults&s=13|67.0819;3answers;15
Q: Can't import Airflow plugins;https://stackoverflow.com//questions/43907813/cant-import-airflow-plugins?r=SearchResults&s=14|66.6063;11answers;32
Q: Airflow Worker Configuration;https://stackoverflow.com//questions/48879920/airflow-worker-configuration?r=SearchResults&s=15|66.5627;4answers;10
Q: Writing to Airflow Logs;https://stackoverflow.com//questions/40120474/writing-to-airflow-logs?r=SearchResults&s=16|66.3963;2answers;30
Q: Run airflow process and airflow webserver as airflow user;https://stackoverflow.com//questions/47291335/run-airflow-process-and-airflow-webserver-as-airflow-user?r=SearchResults&s=17|66.2229;2answers;1
Q: Installing (python3) airflow does not create airflow directory;https://stackoverflow.com//questions/58459347/installing-python3-airflow-does-not-create-airflow-directory?r=SearchResults&s=18|66.0193;1answer;1
Q: New airflow directory created when i run airflow webserver;https://stackoverflow.com//questions/59809069/new-airflow-directory-created-when-i-run-airflow-webserver?r=SearchResults&s=19|65.8167;2answers;0
Q: Airflow + Nginx set up gives Airflow 404 = lots of circles;https://stackoverflow.com//questions/56105608/airflow-nginx-set-up-gives-airflow-404-lots-of-circles?r=SearchResults&s=20|65.6958;2answers;2
Q: How to run airflow CLI commands with airflow/kubernetes installed from Helm stable/airflow?;https://stackoverflow.com//questions/63565142/how-to-run-airflow-cli-commands-with-airflow-kubernetes-installed-from-helm-stab?r=SearchResults&s=21|65.6575;1answer;2
Q: Airflow Audit Logs;https://stackoverflow.com//questions/52374258/airflow-audit-logs?r=SearchResults&s=22|65.6072;1answer;3
Q: Running Job On Airflow Based On Webrequest;https://stackoverflow.com//questions/42403755/running-job-on-airflow-based-on-webrequest?r=SearchResults&s=23|65.5617;5answers;24
Q: Error while install airflow: By default one of Airflow's dependencies installs a GPL;https://stackoverflow.com//questions/52203441/error-while-install-airflow-by-default-one-of-airflows-dependencies-installs-a?r=SearchResults&s=24|65.2359;8answers;59
Q: using celery in airflow;https://stackoverflow.com//questions/50983063/using-celery-in-airflow?r=SearchResults&s=25|65.0830;1answer;1
Q: Airflow in Docker: how to add DAGs to Airflow?;https://stackoverflow.com//questions/52358255/airflow-in-docker-how-to-add-dags-to-airflow?r=SearchResults&s=26|64.8373;4answers;8
Q: Apache Airflow : airflow initdb throws ModuleNotFoundError: No module named 'werkzeug.wrappe…;https://stackoverflow.com//questions/56933523/apache-airflow-airflow-initdb-throws-modulenotfounderror-no-module-named-wer?r=SearchResults&s=27|64.6872;2answers;15
"Q: Airflow: what do `airflow webserver`, `airflow scheduler` and `airflow worker` exactly do?;https://stackoverflow.com//questions/51063151/airflow-what-do-airflow-webserver-airflow-scheduler-and-airflow-worker-e?r=SearchResults&s=28|64.6205;1answer;7"
Q: Airflow starting with upstart;https://stackoverflow.com//questions/53651880/airflow-starting-with-upstart?r=SearchResults&s=29|64.5472;0answers;1
Q: set airflow schedule interval;https://stackoverflow.com//questions/40627463/set-airflow-schedule-interval?r=SearchResults&s=30|64.3798;3answers;1
Q: airflow install cannot initdb;https://stackoverflow.com//questions/57695185/airflow-install-cannot-initdb?r=SearchResults&s=31|64.1037;2answers;0
Q: airflow doen't log anywhere;https://stackoverflow.com//questions/57296406/airflow-doent-log-anywhere?r=SearchResults&s=32|63.9234;0answers;0
Q: Why does Apache airflow fail with the command: 'airflow initdb'?;https://stackoverflow.com//questions/58103825/why-does-apache-airflow-fail-with-the-command-airflow-initdb?r=SearchResults&s=33|63.8458;1answer;2
Q: Importing Airflow Plugin;https://stackoverflow.com//questions/55743944/importing-airflow-plugin?r=SearchResults&s=34|63.8157;1answer;0
Q: Customizing Airflow BashOperator;https://stackoverflow.com//questions/58957992/customizing-airflow-bashoperator?r=SearchResults&s=35|63.7016;1answer;0
Q: How to run Spark code in Airflow?;https://stackoverflow.com//questions/39827804/how-to-run-spark-code-in-airflow?r=SearchResults&s=36|63.6575;3answers;38
Q: Make custom Airflow macros expand other macros;https://stackoverflow.com//questions/44855949/make-custom-airflow-macros-expand-other-macros?r=SearchResults&s=37|63.3302;3answers;20
Q: Run Apache Airflow DAG without Apache Airflow;https://stackoverflow.com//questions/48393065/run-apache-airflow-dag-without-apache-airflow?r=SearchResults&s=38|63.2992;2answers;3
Q: airflow spark job failed;https://stackoverflow.com//questions/61229274/airflow-spark-job-failed?r=SearchResults&s=39|63.2397;1answer;-1
Q: Airflow install | Ansible;https://stackoverflow.com//questions/53943748/airflow-install-ansible?r=SearchResults&s=40|63.1952;1answer;-1
Q: airflow connection_closed_abruptly;https://stackoverflow.com//questions/42815034/airflow-connection-closed-abruptly?r=SearchResults&s=41|63.1354;1answer;1
Q: Airflow: Is airflow initdb command destructive;https://stackoverflow.com//questions/56936013/airflow-is-airflow-initdb-command-destructive?r=SearchResults&s=42|63.1225;2answers;1
Q: how to remove airflow install;https://stackoverflow.com//questions/57694246/how-to-remove-airflow-install?r=SearchResults&s=43|63.1026;1answer;1
Q: GCP Composer (Airflow) operator;https://stackoverflow.com//questions/53744563/gcp-composer-airflow-operator?r=SearchResults&s=44|62.8618;1answer;4
Q: Airflow webserver not starting;https://stackoverflow.com//questions/47385085/airflow-webserver-not-starting?r=SearchResults&s=45|62.7071;1answer;0
Q: Kubernetes Ingress + Apache airflow;https://stackoverflow.com//questions/62102533/kubernetes-ingress-apache-airflow?r=SearchResults&s=46|62.6164;1answer;0
Q: Airflow <> Slack;https://stackoverflow.com//questions/49256632/airflow-slack?r=SearchResults&s=47|62.5391;2answers;0
Q: BashOperator doen't run bash file apache airflow;https://stackoverflow.com//questions/42259298/bashoperator-doent-run-bash-file-apache-airflow?r=SearchResults&s=48|62.4354;3answers;8
Q: Install Apache-Airflow on iMac - airflow initdb - ImportError: cannot import name objects;https://stackoverflow.com//questions/54028289/install-apache-airflow-on-imac-airflow-initdb-importerror-cannot-import-nam?r=SearchResults&s=49|62.4051;1answer;0
Q: Airflow admin UI shows example dags;https://stackoverflow.com//questions/43519231/airflow-admin-ui-shows-example-dags?r=SearchResults&s=50|62.3660;2answers;8